<?xml version="1.0" encoding="UTF-8"?>
<project-private xmlns="http://www.netbeans.org/ns/project-private/1">
    <editor-bookmarks xmlns="http://www.netbeans.org/ns/editor-bookmarks/2" lastBookmarkId="0"/>
    <open-files xmlns="http://www.netbeans.org/ns/projectui-open-files/2">
        <group>
            <file>file:/C:/Users/R5%203400G/Documents/NetBeansProjects/BeerV2.1/web/index.jsp</file>
            <file>file:/C:/Users/R5%203400G/Documents/NetBeansProjects/BeerV2.1/web/form.html</file>
            <file>file:/C:/Users/R5%203400G/Documents/NetBeansProjects/BeerV2.1/src/java/com/example/web/BeerSelect1.java</file>
            <file>file:/C:/Users/R5%203400G/Documents/NetBeansProjects/BeerV2.1/src/java/com/example/model/BeerExpert.java</file>
            <file>file:/C:/Users/R5%203400G/Documents/NetBeansProjects/BeerV2.1/web/result.jsp</file>
            <file>file:/C:/Users/R5%203400G/Documents/NetBeansProjects/BeerV2.1/web/WEB-INF/web.xml</file>
        </group>
    </open-files>
</project-private>
